Epoch,Train Loss,Train Consistency Loss,Validation Loss
1,0.3432104054949071,0.25755829115708667,0.6047931810220083
2,0.29132614306884236,0.30943391025066375,0.5517737393577894
3,0.2946158004279184,0.28709722856680553,0.6238995840152105
4,0.28985224752733024,0.2501211067040761,0.5323224986592928
