Iteration,F1-Score,Accuracy,Specificity,Recall,Precision
1,0.646774411201477,0.9976454377174377,0.9989878535270691,0.6400245428085327,0.6976576447486877
