Iteration,F1-Score,Accuracy,Specificity,Recall,Precision
1,0.5485626459121704,0.9955689907073975,0.9969419836997986,0.6768398880958557,0.49832308292388916
