Iteration,F1-Score,Accuracy,Specificity,Recall,Precision
1,0.6090072393417358,0.9856200218200684,0.9938421845436096,0.5886937379837036,0.6617064476013184
