Iteration,F1-Score,Accuracy,Specificity,Recall,Precision
1,0.6649038791656494,0.9863022565841675,0.9917721152305603,0.7223485708236694,0.6430274248123169
