Epoch,Train Loss,Train Consistency Loss,Validation Loss
1,0.3523223045372194,0.08892247414411004,0.4355974081489775
2,0.2637090814690436,0.08107309816266174,0.46301309764385223
