Iteration,F1-Score,Accuracy,Specificity,Recall,Precision
1,0.4743410646915436,0.9954783320426941,0.9968439936637878,0.6311865448951721,0.4538661241531372
