Epoch,Train Loss,Train Consistency Loss,Validation Loss
1,0.34262285597862735,0.1345211317141851,0.6434692177507613
2,0.325854798863011,0.1462281954785188,0.6320457690291934
3,0.33242407181570605,0.1819394364953041,0.6259392119116254
4,0.3591063117788684,0.1674411378800869,0.6291020628478792
5,0.3481244705377087,0.16781509965658187,0.6951931681897905
6,0.38084311196880954,0.15791663452982901,0.6760724799500571
7,0.3687235681280013,0.1379356620212396,0.6290281365315119
8,0.3381543937229341,0.1599752251058817,0.6554846366246542
