Iteration,F1-Score,Accuracy,Specificity,Recall,Precision
1,0.513962984085083,0.9869691729545593,0.992368221282959,0.58617103099823,0.5069000124931335
