Iteration,F1-Score,Accuracy,Specificity,Recall,Precision
1,0.4300210475921631,0.9850303530693054,0.9921419620513916,0.4612354338169098,0.4352248013019562
