Iteration,F1-Score,Accuracy,Specificity,Recall,Precision
1,0.6449260711669922,0.9978016018867493,0.9992372989654541,0.616301417350769,0.7443384528160095
