Iteration,F1-Score,Accuracy,Specificity,Recall,Precision
1,0.6102360486984253,0.9966175556182861,0.9980690479278564,0.6604408621788025,0.5973331332206726
