Epoch,Train Loss,Validation Loss
1,0.4021812500492219,0.6647294958432516
2,0.2939307745425932,0.37642117506927913
