Iteration,F1-Score,Accuracy,Specificity,Recall,Precision
1,0.6738596558570862,0.9909684658050537,0.9942064881324768,0.7515166401863098,0.6332096457481384
