Epoch,Train Loss,Train Consistency Loss,Validation Loss
1,0.3321788912819278,0.10513738588644908,0.4404241575135125
2,0.25531695552410616,0.08476452048008258,0.41131433678997886
3,0.2396108276421024,0.07181736683616272,0.4306701090600755
4,0.2346670865051208,0.07670018420769618,0.3961213645007875
