Iteration,F1-Score,Accuracy,Specificity,Recall,Precision
1,0.6480661034584045,0.9978698492050171,0.9992327094078064,0.6379661560058594,0.7643717527389526
