Epoch,Train Loss,Validation Loss
1,0.35117109831302395,0.36467324362860787
2,0.26355549000924633,0.34251000318262315
