Epoch,Train Loss,Validation Loss
1,0.3689308002110451,0.36466098411215675
2,0.281783250743343,0.3464614964193768
3,0.256502475084797,0.3270591273903847
4,0.24562914044626297,0.3323039180702633
