Iteration,F1-Score,Accuracy,Specificity,Recall,Precision
1,0.6877045035362244,0.9976091980934143,0.9990286231040955,0.6677932739257812,0.7474021911621094
