Iteration,F1-Score,Accuracy,Specificity,Recall,Precision
1,0.6431986689567566,0.9976141452789307,0.9988066554069519,0.6730999946594238,0.6677430272102356
